Nature scope, Nature and scope of the arrangement
Roles Responsibilities, Roles and Responsibilities
Subcontracting subcontractors, Use of subcontractors
Pricing Fees, Pricing
Performance measures, Performance measures
Ownership Access, Ownership and access
Security records data, Security of records and data
Notification Notifications, Notifications to the FRFI
Dispute resolution Differences, Dispute resolution
Compliance Regulatory Regulation Laws, Regulatory compliance
Continuity Contingency Planning recovery, Business continuity and recovery
Defaults Termination Default termination, Default and termination
Insurance, Insurance
Prudent risk management, Prudent risk management
